"ID_Number","S2Grade","Q4Grade","KhanMWK41-W05/20/2020TEST","AdvancWK39-Su05/10/2020TEST","CircleWK38-Su05/03/2020TEST","EquatiWK37-Su04/26/2020TEST","P4Grade","P4ReportCard","3DProWK36-Su04/19/2020TEST","3DConWK34-Su04/05/2020TEST","Q3Grade","Q3ExaWK31-W03/11/2020EXSB","AreaTWK29-F02/28/2020TEST","P3Grade","P3ReportCard","RightWK26-F02/07/2020TEST","TrigTWK25-F01/31/2020TEST","QuadTWK23-F01/17/2020TEST","S1Grade","Q2Grade","Q2ExaWK19-W12/18/2019EXSB","ProperWK18-F12/13/2019TEST","Cong_WK15-F11/22/2019TEST","Sim_TWK14-F11/15/2019TEST","P2Grade","P2ReportCard","Tri_BWK13-F11/08/2019TEST","Q1Grade","Q1ExaWK10-F10/18/2019EXSB","Ang_PWK06-F09/20/2019TEST","Trans_WK05-F09/13/2019TEST","P1Grade","P1ReportCard","Ang_BWK03-F08/30/2019TEST","PLPTeWK02-F08/23/2019TEST","Race","ESE","ELL","Ethnicity","EconomicallyDisadvantaged","X504","HS.Transition.Program","Advanced.Opportunities","CurrentGradeLevelId","MTSSTiered","AO_Is.AO","Risk.Score_RScore","Over.Age_Is.Over.Age","Ret_Was.Retained","Attend_Num.Absences","Attend_Attendance.Percentage","Misc_Num.Incidents","OSS_Num.Suspensions","Math.Grades_Course","Math.Grades_Most.Recent.Grade","ELA.Grades_Course","ELA.Grades_Most.Recent.Grade","Read.Grades_Course","Read.Grades_Most.Recent.Grade","Unwt.GPA_Cumulative","FSA.EL_Student.Score","ELA.SS_Student.Score","ELA.SS_Performance.Level","ELA.PR_Student.Score","FSA.MA_Student.Score","MA.SS_Student.Score","A1.PL_Student.Score","A1.SS_Student.Score","A1.SS_Performance.Level","A1.PR_Student.Score","GEO.PL_Student.Score","GEO.SS_Student.Score","Geo.PR_Student.Score","iEL.SS_Student.Score","iEL.PR_Student.Score","iMa.SS_Student.Score","iMa.PR_Student.Score","Q1Exam","E1Q1","E1Q2","E1Q3","E1Q4","E1Q5","E1Q6","E1Q7","E1Q8","E1Q9","E1Q10","E1Q11","E1Q12","E1Q13","E1Q14","E1Q15","E1Q16","E1Q17","E1Q18","E1Q19","E1Q20","E1Q21","E1Q22","E1Q23","E1Q24","E1Q25","Q2Exam","E2Q1","E2Q2","E2Q3","E2Q4","E2Q5","E2Q6","E2Q7","E2Q8","E2Q9","E2Q10","E2Q11","E2Q12","E2Q13","E2Q14","E2Q15","E2Q16","E2Q17","E2Q18","E2Q19","E2Q20","E2Q21","E2Q22","E2Q23","E2Q24","E2Q25","Q3Exam","E3Q1","E3Q2","E3Q3","E3Q4","E3Q5","E3Q6","E3Q7","E3Q8","E3Q9","E3Q10","E3Q11","E3Q12","E3Q13","E3Q14","E3Q15","E3Q16","E3Q17","E3Q18","E3Q19","E3Q20","E3Q21","E3Q22","E3Q23","E3Q24","E3Q25","Gr","Age","G","Primary.Phone..","Address","ELA.Performance.Level","X","ELA.Performance.Level.1","ELA.Scale.Score","X.1","ELA.Scale.Score.1","ELA.Subscore...Craft.and.Struct.Points.Possible","X.4","ELA.Subscore...Craft.and.Struct.Points.Possible.1","ELA.Subscore...Craft.and.Struct.Points.Earned","X.5","ELA.Subscore...Craft.and.Struct.Points.Earned.1","ELA.Subscore...Integ.Know.and.Idea.Points.Possible","X.6","ELA.Subscore...Integ.Know.and.Idea.Points.Possible.1","ELA.Subscore...Integ.Know.and.Idea.Points.Earned","X.7","ELA.Subscore...Integ.Know.and.Idea.Points.Earned.1","ELA.Subscore...Key.Ideas.and.Details.Points.Possible","X.8","ELA.Subscore...Key.Ideas.and.Details.Points.Possible.1","ELA.Subscore...Key.Ideas.and.Details.Points.Earned","X.9","ELA.Subscore...Key.Ideas.and.Details.Points.Earned.1","ELA.Subscore...Lang.and.Edit.Points.Possible","X.10","ELA.Subscore...Lang.and.Edit.Points.Possible.1","ELA.Subscore...Lang.and.Edit.Points.Earned","X.11","ELA.Subscore...Lang.and.Edit.Points.Earned.1","ELA.Subscore...Text.Based.Writing.Points.Possible","X.12","ELA.Subscore...Text.Based.Writing.Points.Possible.1","ELA.Subscore...Text.Based.Writing.Points.Earned","X.13","ELA.Subscore...Text.Based.Writing.Points.Earned.1","Algebra.1.Performance.Level","X.14","X.15","Algebra.1.Performance.Level.1","Algebra.1.Scale.Score","X.16","X.17","Algebra.1.Scale.Score.1","X.18","X.19","Algebra.1.Pass.Fail","X.20","X.21","Algebra.1.Pass.Fail.1","X.22","X.23","Algebra.1.Subscore...Algebra.and.Modeling.Points.Possible","X.24","X.25","Algebra.1.Subscore...Algebra.and.Modeling.Points.Possible.1","Algebra.1.Subscore...Algebra.and.Modeling.Points.Earned","X.26","X.27","Algebra.1.Subscore...Algebra.and.Modeling.Points.Earned.1","Algebra.1.Subscore...Functions.and.Modeling.Points.Possible","X.28","X.29","Algebra.1.Subscore...Functions.and.Modeling.Points.Possible.1","Algebra.1.Subscore...Functions.and.Modeling.Points.Earned","X.30","X.31","Algebra.1.Subscore...Functions.and.Modeling.Points.Earned.1","Algebra.1.Subscore...Stats.and.Num.System.Points.Possible","X.32","X.33","Algebra.1.Subscore...Stats.and.Num.System.Points.Possible.1","Algebra.1.Subscore...Stats.and.Num.System.Points.Earned","X.34","X.35","Algebra.1.Subscore...Stats.and.Num.System.Points.Earned.1","Geometry.Performance.Level","Geometry.Scale.Score","Geometry.Pass.Fail","Geometry.Test.Date","Geometry.Subscore...Circ.Geom.Measur.Geom.Prop.Eqa.Points.Possible","Geometry.Subscore...Circ.Geom.Measur.Geom.Prop.Eqa.Points.Earned","Geometry.Subscore...Congruence.Similarity.Trignome.Points.Possible","Geometry.Subscore...Congruence.Similarity.Trignome.Points.Earned","Geometry.Subscore...Modeling.with.Geo.Points.Possible","Geometry.Subscore...Modeling.with.Geo.Points.Earned"
1,"D","D","     4","    25","    20","    25","C","F","    30","    42","F","    48","    60","F","","    60","    60","    62","D","C","    40","    95","    60","    50","A","","    95","F","    16","    60","    75","F","","    60","    75","Black","K","","Non-Hispanic","Yes","No","Yes","No",10,"No",NA,151,"No","Yes",15,92,2,0,"1206310-Geometry","D","1001340-English 2","F","10004102R-Intensive Reading","A",1.767,1,312,"L1 High",5.4,NA,NA,NA,NA,"",NA,NA,NA,NA,479,NA,463,33.9,8,"C","D","C","A","C","D","C","C","B","D","D","B","B","C","B","C","C","B","B","C","B","A","B","B","B",16,"C","B","B","B","A","D","B","C","C","C","B","D","B","D","A","B","C","B","C","C","C","D","C","D","C",20,"A","D","A","C","D","B","B","C","C","C","B","B","C","C","D","C","B","D","D","C","B","C","C","C","B",10,17,"F","407","32746","Level 1"," "," ","312"," "," ","16"," "," ","3"," "," ","15"," "," ","3"," "," ","16"," "," ","3"," "," ","7"," "," ","4"," "," ","10"," "," ","5"," "," "," "," "," "," "," "," "," "," "," "," "," "," "," "," "," "," "," "," "," "," "," "," "," "," "," "," "," "," "," "," "," "," "," "," "," "," "," "," "," "," "," "," "," "," "," "," "," "," "," "," "
2,"C","C","    32","    25","    20","    25","D","F","    33","    25","B","    60","    78","B","","    84","    75","    78","D","C","    40","    95","    90","    50","D","","    50","F","    56","    60","    60","F","","    60","    60","Black","K","","Non-Hispanic","Yes","No","No","No",11,"No",NA,101,"No","No",14,92,0,0,"1206310-Geometry","C","1001370-English 3","B","","",2.023,1,320,"L1 High",15,NA,NA,1,473,"L1 High",22.2,NA,NA,NA,545,NA,NA,NA,32,"B","B","C","C","D","B","B","A","C","C","D","B","B","B","B","D","B","C","D","A","C","B","C","B","C",16,"C","D","B","C","A","C","C","B","B","B","A","D","C","C","A","C","B","C","B","C","B","C","B","D","B",28,"C","D","B","A","B","B","A","C","B","C","A","A","C","C","C","B","C","C","C","C","B","B","C","C","B",11,16,"F","323","32746","Level 1"," "," ","320"," "," ","22"," "," ","9"," "," ","10"," "," ","0"," "," ","15"," "," ","0"," "," ","7"," "," ","4"," "," ","10"," "," ","5"," "," "," ","Level 1"," "," "," ","473"," "," ","22.2"," "," ","N"," "," ","9/1/2018"," "," ","24"," "," "," ","6"," "," "," ","23"," "," "," ","5"," "," "," ","11"," "," "," ","2"," "," "," "," "," "," "," "," "," "," "," "," "
3,"C","B","    40","    30","    15","    25","B","D","    30","    50","C","    76","    60","C","F","    67","    86","    60","C","C","    56","    28","    75","    70","B","","    75","C","    60","    60","    75","C","D","    81","    60","White","","","Hispanic","No","No","No","Yes",10,"No",1,54,"No","No",12,93,0,0,"1206310-Geometry","B","1001350-English 2 Honors","F","","",2.786,4,357,"Level 4",61.8,NA,NA,2,495,"L2 High",46.9,NA,NA,NA,NA,NA,NA,NA,36,"B","A","C","D","A","A","D","B","D","B","B","A","B","B","D","A","A","B","C","C","A","B","B","B","C",24,"A","D","B","D","D","B","A","B","C","A","B","B","D","A","B","D","D","B","B","C","D","D","D","B","D",44,"C","C","C","B","B","B","A","A","A","C","C","C","D","B","C","C","B","A","B","A","A","C","A","D","C",10,15,"F","407","32746","Level 4"," "," ","357"," "," ","16"," "," ","7"," "," ","15"," "," ","10"," "," ","16"," "," ","13"," "," ","7"," "," ","6"," "," ","10"," "," ","7"," "," ","Level 2"," "," "," ","495"," "," "," "," "," ","N"," "," "," "," "," ","24"," "," "," ","7"," "," "," ","23"," "," "," ","8"," "," "," ","11"," "," "," ","2"," "," "," "," "," "," "," "," "," "," "," "," "," "
4,"C","C","    50","    25","  17.5","    25","D","F","    30","    26","D","    60","    60","D","C","    60","    60","    72","C","C","    60","    60","    82","    70","B","","    81","D","    52","    60","    75","B","C","    95","    60","Black","K","","Non-Hispanic","Yes","No","Yes","No",11,"No",NA,105,"No","Yes",11,94,1,0,"1206310-Geometry","C","1001370-English 3","F","","",2.089,1,311,"L1 Mid",8.5,NA,NA,3,499,"L3 Low",52,NA,NA,NA,542,NA,472,NA,28,"C","B","C","B","A","B","A","A","C","B","A","D","C","A","A","A","C","D","B","B","A","B","B","C","D",28,"C","D","C","B","B","B","A","D","A","D","C","B","B","A","D","D","D","C","D","A","D","A","A","B","A",28,"A","B","C","A","B","B","B","A","C","C","A","A","A","B","C","D","C","B","B","B","A","B","A","A","B",11,18,"M","407","32771","Level 1"," "," ","311"," "," ","22"," "," ","7"," "," ","10"," "," ","3"," "," ","15"," "," ","3"," "," ","7"," "," ","2"," "," ","10"," "," ","3"," "," "," ","Level 3"," "," "," ","499"," "," ","52"," "," ","Y"," "," ","9/1/2018"," "," ","24"," "," "," ","4"," "," "," ","23"," "," "," ","11"," "," "," ","11"," "," "," ","4"," "," "," "," "," "," "," "," "," "," "," "," "
5,"D","D","    42","    25","    15","    25","F","","    30","    25","D","    56","    65","D","F","    60","    60","    60","D","D","     0","    50","    75","    50","C","","    70","D","    48","    60","    75","D","F","    60","    60","Black","","","Non-Hispanic","Yes","No","Yes","No",11,"No",NA,146,"No","No",5,97,3,0,"1206310-Geometry","D","1001370-English 3","F","","",1.553,1,307,"L1 Mid",6.7,NA,NA,1,425,"L1 Low",0.3,NA,NA,NA,568,NA,NA,NA,24,"C","B","C","C","A","A","D","B","D","A","B","D","B","D","A","C","D","C","B","B","B","D","D","C","C",NA,NA,NA,NA,NA,NA,NA,NA,NA,NA,NA,NA,NA,NA,NA,NA,NA,NA,NA,NA,NA,NA,NA,NA,NA,NA,24,"C","B","B","B","A","D","A","C","D","D","B","B","C","B","C","C","B","C","C","D","D","C","D","D","B",11,16,"F","321","32771","Level 1"," "," ","307"," "," ","22"," "," ","5"," "," ","10"," "," ","1"," "," ","15"," "," ","3"," "," ","7"," "," ","4"," "," ","10"," "," ","3"," "," "," ","Level 1","Level 1"," "," ","425","425"," "," ","0.3"," ","N","N"," ","9/1/2018","12/1/2018"," ","24","24"," "," ","3","1"," "," ","23","24"," "," ","6","3"," "," ","11","11"," "," ","1","2"," "," "," "," "," "," "," "," "," "," "," "
6,"C","C","    24","    25","    15","    30","B","C","    30","    46","C","    68","    90","C","F","    90","    75","    60","D","D","    48","    29","    70","    60","D","","    50","C","    64","    60","    75","C","F","    85","    60","White","K","","Non-Hispanic","No","No","No","No",11,"No",NA,84,"No","No",10,95,1,1,"1206310-Geometry","C","1001370-English 3","A","","",2.375,2,335,"L2 Low",31.8,NA,NA,1,478,"L1 High",26.9,NA,NA,NA,605,NA,481,NA,40,"B","B","D","D","C","A","D","D","B","D","B","B","B","C","B","C","D","D","C","C","D","D","D","B","B",20,"B","C","D","C","C","D","C","C","B","B","C","B","B","C","A","D","C","D","B","D","D","C","B","B","C",36,"C","C","D","B","B","A","A","D","C","C","B","C","C","B","C","C","B","A","A","A","B","C","B","D","C",11,17,"F","443","32746","Level 2"," "," ","335"," "," ","22"," "," ","6"," "," ","10"," "," ","5"," "," ","15"," "," ","6"," "," ","7"," "," ","5"," "," ","10"," "," ","6"," "," "," ","Level 1","Level 1"," "," ","459","478"," "," ","26.9"," ","N","N"," ","9/1/2018","12/1/2018"," ","24","24"," "," ","3","2"," "," ","23","24"," "," ","6","5"," "," ","11","11"," "," ","2","3"," "," "," "," "," "," "," "," "," "," "," "
7,"C","A","    12","    50","    25","    50","A","F","    50","    50","D","    40","    60","D","F","    60","    60","    60","F","F","    48","     0","     0","     0","F","","     0","F","    52","     0","    60","F","","    60","    60","Multi-Racial","K, G","","Non-Hispanic","Yes","No","No","No",10,"No",NA,224,"No","Yes",11,94,19,1,"1206310-Geometry","A","1001370-English 3","F","","",1.512,1,284,"L1 Low",0.2,NA,NA,1,481,"L1 High",30.1,NA,NA,NA,NA,NA,NA,NA,28,"A","D","C","D","C","D","A","D","C","D","C","A","B","D","C","D","D","B","D","D","B","D","A","D","B",20,"C","C","C","C","C","C","C","C","C","C","C","C","C","C","C","C","C","C","C","C","C","C","C","C","C",16,"C","B","D","C","D","A","D","A","A","D","B","D","A","B","B","A","B","A","B","C","C","D","B","C","A",10,16,"M","516","32746","Level 1"," "," ","284"," "," ","22"," "," ","3"," "," ","10"," "," ","0"," "," ","15"," "," ","3"," "," ","7"," "," ","3"," "," ","10"," "," ","0"," "," "," ","Level 1","Level 1"," "," ","437","481"," "," ","30.1"," ","N","N"," ","9/1/2018","12/1/2018"," ","24","24"," "," ","3","5"," "," ","23","24"," "," ","4","1"," "," ","11","11"," "," ","1","2"," "," "," "," "," "," "," "," "," "," "," "
8,"D","D","    12","    27","    15","    25","B","F","    30","    46","F","    40","    60","F","","    60","    60","    60","F","F","    60","    39","    50","    50","F","","    50","D","    48","    75","    75","F","","    60","    60","Black","P, G","","Non-Hispanic","Yes","No","Yes","No",11,"No",NA,151,"No","No",9,95,0,0,"1206310-Geometry","D","1001370-English 3","F","","",1.622,1,286,"L1 Low",1.4,NA,NA,NA,NA,"",NA,NA,NA,NA,NA,NA,NA,NA,24,"B","C","B","D","D","D","B","D","C","D","A","A","D","C","C","D","B","A","C","B","C","B","D","C","B",28,"B","A","B","A","C","A","C","C","D","B","C","A","B","C","B","D","C","D","D","C","A","A","A","B","D",16,"D","A","C","D","C","C","C","B","B","A","B","C","C","B","B","D","A","A","C","C","D","A","B","C","D",11,18,"M","407","32771","Level 1"," "," ","286"," "," ","22"," "," ","7"," "," ","10"," "," ","1"," "," ","15"," "," ","0"," "," ","7"," "," ","3"," "," ","10"," "," ","3"," "," "," "," "," "," "," "," "," "," "," "," "," "," "," "," "," "," "," "," "," "," "," "," "," "," "," "," "," "," "," "," "," "," "," "," "," "," "," "," "," "," "," "," "," "," "," "," "," "," "," "," "
9,"A","A","    86","    45","    25","    40","B","","    47","    38","B","    56","    84","C","B","    81","    60","    81","C","C","    56","    57","    78","    65","B","","    81","C","    48","    78","  97.5","B","","    85","    78","White","","","Non-Hispanic","No","No","No","No",10,"No",NA,16,"No","No",4,98,2,0,"1206310-Geometry","A","1001350-English 2 Honors","A","","",2.556,1,326,"L1 High",14.5,NA,NA,1,482,"L1 High",31,NA,NA,NA,NA,NA,NA,NA,24,"D","A","D","A","C","A","D","A","B","D","C","D","B","D","A","D","A","A","C","A","C","A","B","D","D",24,"B","C","A","D","B","B","B","C","C","A","D","D","B","C","A","D","B","C","D","A","D","D","A","A","C",24,"C","C","C","C","B","A","C","A","C","A","B","C","C","C","C","C","B","A","A","A","A","D","B","B","A",10,16,"M","321","32779","Level 1"," "," ","326"," "," ","16"," "," ","7"," "," ","15"," "," ","3"," "," ","16"," "," ","4"," "," ","7"," "," ","5"," "," ","10"," "," ","6"," "," ","Level 1"," "," "," ","482"," "," "," "," "," ","N"," "," "," "," "," ","24"," "," "," ","4"," "," "," ","23"," "," "," ","6"," "," "," ","11"," "," "," ","3"," "," "," "," "," "," "," "," "," "," "," "," "," "
10,"B","A","    40","    40","  22.5","    45","C","","    30","    41","D","    60","    65","D","F","    60","    60","    60","D","D","    48","    33","    50","    81","C","","    84","D","    40","    60","    60","C","F","    78","    60","Asian or Pacific Islander","","","Non-Hispanic","No","No","No","No",11,"No",NA,75,"No","Yes",5,97,1,0,"1206310-Geometry","A","10004003A-Intensive Language Arts","B","","",2.093,1,330,"L1 High",24.2,NA,NA,1,425,"L1 Low",29.7,NA,NA,NA,631,NA,472,NA,20,"B","C","A","B","C","B","D","B","D","B","A","C","B","C","D","C","B","C","D","C","B","A","B","C","A",20,"C","D","A","D","C","D","A","B","D","A","C","A","D","C","C","A","C","C","D","D","D","D","D","B","A",28,"A","D","A","A","B","C","D","C","B","C","B","B","D","B","C","B","B","A","C","C","C","A","A","C","B",11,18,"F","407","32750","Level 1"," "," ","330"," "," ","22"," "," ","8"," "," ","10"," "," ","4"," "," ","15"," "," ","5"," "," ","7"," "," ","4"," "," ","10"," "," ","6"," "," "," ","Level 1","Level 1","Level 1"," ","480","425","425","29.7"," "," ","N","N","N","3/1/2019","9/1/2018"," ","24","24","24"," ","5","1","4"," ","23","23","24"," ","6","7","6"," ","11","11","11"," ","1","0","2"," "," "," "," "," "," "," "," "," "," "
11,"B","A","    50","    45","    25","    45","C","D","    30","    30","B","    64","    81","C","","    84","    60","    70","C","B","    76","    66","    86","    60","C","","    70","C","    56","    60","    95","B","C","    81","    78","White","","","Non-Hispanic","Yes","No","No","Yes",10,"No",1,13,"No","No",8,96,0,0,"1206310-Geometry","A","10013500A-English Honors 2","B","","",2.897,3,348,"L3 Low",46.7,NA,NA,3,508,"L3 High",64.1,NA,NA,NA,NA,NA,NA,NA,32,"D","B","C","B","D","A","B","D","B","B","B","C","A","B","B","A","A","A","A","D","B","B","C","B","A",44,"B","A","A","D","B","B","B","C","C","A","B","A","A","A","C","B","D","A","C","B","D","C","A","B","C",32,"A","C","C","B","B","B","B","A","B","D","B","C","A","C","C","A","B","C","D","A","A","B","A","D","C",10,16,"F","386","32771","Level 3"," "," ","348"," "," ","16"," "," ","10"," "," ","15"," "," ","6"," "," ","16"," "," ","9"," "," ","7"," "," ","4"," "," ","10"," "," ","8"," "," ","Level 3"," "," "," ","508"," "," "," "," "," ","Y"," "," "," "," "," ","24"," "," "," ","11"," "," "," ","24"," "," "," ","10"," "," "," ","11"," "," "," ","4"," "," "," "," "," "," "," "," "," "," "," "," "," "
12,"A","A","    68","    40","    25","    45","A","B","    48","    41","B","    68","    75","B","C","    81","    75","    72","B","B","    72","    52","    82","    78","C","","    70","B","    68","    80","    81","B","","    81","    78","White","","","Non-Hispanic","Yes","No","No","Yes",10,"No",1,7,"No","No",3,98,1,0,"1206310-Geometry","A","10013500A-English Honors 2","A","","",3.25,3,346,"L3 Low",44.6,NA,NA,3,500,"L3 Low",53.7,NA,NA,NA,635,NA,NA,NA,44,"B","B","D","D","D","A","B","B","C","A","C","A","B","B","D","C","A","A","D","C","C","A","C","B","C",40,"A","A","A","D","B","A","D","B","A","C","A","B","B","A","B","B","D","A","B","C","D","C","A","C","C",36,"D","D","D","A","A","B","B","A","C","C","D","C","C","C","D","D","C","B","A","A","A","C","A","C","B",10,15,"M","305","32773","Level 3"," "," ","346"," "," ","16"," "," ","10"," "," ","15"," "," ","8"," "," ","16"," "," ","6"," "," ","7"," "," ","5"," "," ","10"," "," ","7"," "," ","Level 3"," "," "," ","500"," "," "," "," "," ","Y"," "," "," "," "," ","24"," "," "," ","11"," "," "," ","23"," "," "," ","4"," "," "," ","11"," "," "," ","4"," "," "," "," "," "," "," "," "," "," "," "," "," "
13,"C","C","     8","    25","  17.5","    45","C","F","    30","    30","C","    64","    60","C","F","    75","    75","    60","D","D","    64","    18","    50","    81","D","","    60","D","    48","    70","    60","D","F","    60","    60","White","K","","Non-Hispanic","Yes","No","No","No",11,"No",NA,59,"No","No",2,99,0,0,"1206310-Geometry","C","1001370-English 3","C","","",1.953,1,285,"L1 Low",1.3,NA,NA,1,457,"L1 Mid",15.8,NA,NA,NA,NA,NA,NA,NA,24,"A","D","C","B","B","C","D","C","C","D","A","C","A","B","B","D","A","B","D","D","C","B","D","A","B",32,"C","A","B","B","A","D","C","B","B","C","D","B","B","A","D","C","B","B","C","B","D","B","D","B","B",32,"D","C","D","B","C","B","A","B","A","C","D","D","C","B","B","A","D","A","A","B","C","A","B","B","C",11,17,"M","407","32773","Level 1"," "," ","285"," "," ","22"," "," ","8"," "," ","10"," "," ","2"," "," ","15"," "," ","2"," "," ","7"," "," ","1"," "," ","10"," "," ","2"," "," "," ","Level 1","Level 1","Level 1"," ","464","425","457","15.8"," "," ","N","N","N","3/1/2019","9/1/2018"," ","24","24","24"," ","4","2","0"," ","23","23","24"," ","4","6","4"," ","11","11","11"," ","4","3","0"," "," "," "," "," "," "," "," "," "," "
14,"B","A","    66","    30","  22.5","    50","C","","    30","    42","B","    68","    65","C","D","    75","    90","    75","B","B","    32","    95","   100","    70","A","","    90","B","    56","    60","  97.5","A","B","   100","   100","White","K","","Hispanic","Yes","No","No","No",11,"No",NA,77,"No","No",6,97,4,0,"1206310-Geometry","A","1001370-English 3","C","","",2.116,1,308,"L1 Mid",7.2,NA,NA,3,499,"L3 Low",52,NA,NA,NA,NA,NA,NA,NA,32,"B","B","D","D","A","D","A","C","D","A","C","C","D","A","D","B","D","A","B","C","A","C","D","A","B",12,"B","B","D","A","D","B","D","D","C","C","B","C","B","C","A","A","D","B","D","C","A","C","D","D","B",36,"D","C","D","B","D","B","A","A","C","A","C","D","C","C","A","D","B","B","D","C","B","A","B","B","D",11,18,"F","407","32773","Level 1"," "," ","308"," "," ","22"," "," ","5"," "," ","10"," "," ","3"," "," ","15"," "," ","2"," "," ","7"," "," ","4"," "," ","10"," "," ","3"," "," "," ","Level 1","Level 3"," "," ","466","499"," "," ","52"," ","N","Y"," ","9/1/2018","12/1/2018"," ","24","24"," "," ","3","4"," "," ","23","24"," "," ","5","7"," "," ","11","11"," "," ","1","2"," "," "," "," "," "," "," "," "," "," "," "
15," "," "," *"," *"," *"," *"," ",""," *"," *"," "," *"," *"," ",""," *"," *"," *","D","D","    60","    32","    70","    50","D","F","    50","D","    48","    60","    75","D","F","    60","    60","White","","LY","Non-Hispanic","Yes","No","No","No",12,"No",NA,63,"No","No",12,93,0,0,"1206310-Geometry","D","1002520-English 4 ESOL","B","1002381V2-ESOL Reading","C",2.054,1,304,"L1 Mid",5.5,NA,NA,1,475,"L1 High",24.3,NA,NA,NA,NA,NA,NA,NA,24,"B","B","D","D","D","A","B","B","A","A","C","A","B","A","D","A","C","B","D","B","B","B","B","B","A",28,"A","B","C","B","B","B","A","D","C","B","B","B","B","B","B","B","D","C","C","C","B","C","C","B","A",28,"B","B","B","B","B","B","B","B","B","B","B","A","A","B","D","B","B","B","B","B","B","B","B","B","A",12,17,"F","407","32773"," ","Level 1","Level 1"," ","295","304"," ","25","16"," ","5","6"," ","9","11"," ","1","5"," ","11","14"," ","2","2"," ","9","12"," ","3","4"," ","10","10"," ","3","3"," ","Level 1","Level 1","Level 1"," ","472","463","475"," "," "," ","N","N","N","3/1/2019","9/1/2018"," ","24","24","24"," ","3","5","3"," ","23","23","24"," ","4","5","6"," ","11","11","11"," ","0","1","1"," "," "," "," "," "," "," "," "," "," "
16,"B","A","    50","    25","    20","    40","A","","    46","    46","B","    60","    65","C","D","    78","    60","    78","B","C","    72","    57","    90","    50","B","","    84","B","    80","  97.5","    85","B","C","    70","    85","White","","","Non-Hispanic","No","Yes","No","No",10,"No",NA,15,"No","No",0,100,1,0,"1206310-Geometry","A","1001350-English 2 Honors","B","","",2.964,3,349,"L3 High",48.1,NA,NA,3,498,"L3 Low",50.6,NA,NA,NA,NA,NA,NA,NA,56,"B","B","D","D","A","B","A","D","C","D","A","B","B","B","D","A","C","D","C","B","D","D","D","A","C",40,"B","C","A","D","C","C","C","D","B","D","A","C","D","A","C","A","D","B","C","B","D","A","A","B","A",28,"C","D","A","D","B","D","C","B","D","D","B","C","B","A","C","C","C","B","B","A","A","A","A","A","A",10,16,"M","503","32746","Level 3"," "," ","349"," "," ","16"," "," ","13"," "," ","15"," "," ","8"," "," ","16"," "," ","9"," "," ","7"," "," ","5"," "," ","10"," "," ","5"," "," ","Level 3"," "," "," ","498"," "," "," "," "," ","Y"," "," "," "," "," ","24"," "," "," ","6"," "," "," ","23"," "," "," ","9"," "," "," ","11"," "," "," ","4"," "," "," "," "," "," "," "," "," "," "," "," "," "
17,"C","D","    16","    25","  22.5","    25","C","D","    30","    32","C","    48","    60","C","D","    60","    60","    70","D","D","    60","    23","    75","    50","F","","    50","D","    52","    60","    85","C","D","    60","    78","Black","","","Non-Hispanic","No","Yes","Yes","Yes",11,"No",1,62,"No","No",5,97,3,0,"1206310-Geometry","D","1001380-English 3 Honors","D","","",2.064,2,343,"L2 High",46.2,NA,NA,1,478,"L1 High",28.4,NA,NA,NA,NA,NA,NA,NA,28,"C","D","C","B","C","B","D","B","D","A","A","B","C","C","A","C","C","C","C","C","C","C","C","C","C",28,"D","D","A","B","A","B","C","D","B","A","D","A","B","B","D","A","D","B","D","C","D","B","A","B","C",20,"C","C","C","C","D","B","B","C","B","D","C","C","A","C","C","A","B","D","D","B","C","D","B","C","C",11,17,"M","407","32771","Level 2"," "," ","343"," "," ","22"," "," ","15"," "," ","10"," "," ","2"," "," ","15"," "," ","5"," "," ","7"," "," ","4"," "," ","10"," "," ","6"," "," "," ","Level 1","Level 1"," "," ","479","478"," ","28.4"," "," ","N","N"," ","9/1/2018","12/1/2018"," ","24","24"," "," ","8","5"," "," ","23","24"," "," ","7","4"," "," ","11","11"," "," ","2","0"," "," "," "," "," "," "," "," "," "," "," "
18,"A","A","    78","    25","    20","    40","C","D","    30","    42","B","    64","    81","C","B","    60","    60","    90","B","B","    64","    70","    82","    75","B","","    78","B","    72","    70","    81","B","C","    70","    80","White","","","Hispanic","Yes","No","No","No",9,"No",NA,36,"No","Yes",12,93,0,0,"1206310-Geometry","A","10013100A-English 1","B","10000108-M/J Intensive Reading (MC)","A",3.25,3,340,"L3 Low",43.4,NA,NA,2,494,"L2 High",45.3,NA,NA,NA,594,NA,NA,NA,48,"B","B","D","D","A","A","B","D","C","A","B","D","A","D","A","D","A","A","D","B","B","D","C","B","A",32,"A","D","A","D","D","D","D","A","B","B","A","B","C","A","C","C","B","D","B","C","D","D","C","B","A",32,"D","C","D","A","A","C","C","A","B","B","B","C","D","C","C","A","B","C","D","A","A","C","B","A","D",9,16,"M","407","32746","Level 3"," "," ","340"," "," ","17"," "," ","9"," "," ","14"," "," ","10"," "," ","13"," "," ","8"," "," ","8"," "," ","5"," "," ","10"," "," ","8"," "," ","Level 2"," "," "," ","494"," "," "," "," "," ","N"," "," "," "," "," ","24"," "," "," ","8"," "," "," ","24"," "," "," ","5"," "," "," ","11"," "," "," ","5"," "," "," "," "," "," "," "," "," "," "," "," "," "
19,"D","D","    16","    25","    20","    40","F","","    30","    25","D","    56","    60","D","F","    60","    60","    60","D","D","    76","    52","    60","    50","F","","    50","D","    48","    60","    75","D","F","    60","    60","White","","LY","Hispanic","Yes","No","No","No",10,"No",NA,77,"No","No",15,92,0,0,"1206310-Geometry","D","1002310-English 2 ESOL","B","1002381I2-ESOL Reading","B",2.393,1,287,"L1 Low",1.6,NA,NA,NA,NA,"",NA,NA,NA,NA,397,NA,NA,NA,24,"A","C","C","B","D","A","D","C","B","D","B","A","A","D","C","B","C","D","D","B","C","C","A","C","A",44,"A","A","A","D","C","C","A","C","D","D","D","B","C","C","C","C","C","B","A","C","C","A","D","A","D",24,"D","B","A","B","B","A","B","A","C","B","C","B","A","B","C","A","C","C","D","C","C","A","B","B","A",10,16,"M","321","32746","Level 1"," "," ","287"," "," ","16"," "," ","2"," "," ","15"," "," ","4"," "," ","16"," "," ","3"," "," ","7"," "," ","3"," "," ","10"," "," ","0"," "," "," "," "," "," "," "," "," "," "," "," "," "," "," "," "," "," "," "," "," "," "," "," "," "," "," "," "," "," "," "," "," "," "," "," "," "," "," "," "," "," "," "," "," "," "," "," "," "," "," "," "
20,"C","B","     6","    50","    25","    50","B","F","    30","    50","F","    40","    60","F","","    60","    60","    60","F","F","    60","     0","    70","     0","F","","    50","F","    56","    60","    81","F","","    60","    60","Black","K","","Non-Hispanic","Yes","No","Yes","No",11,"No",NA,203,"No","Yes",27,85,1,0,"1206310-Geometry","B","1001370-English 3","D","10004102R-Intensive Reading","D",1.681,1,284,"L1 Low",0.2,NA,NA,1,444,"L1 Low",7,NA,NA,NA,527,NA,457,NA,32,"A","C","C","D","B","C","C","C","C","B","B","C","B","C","C","C","C","C","C","C","C","C","C","C","C",28,"B","B","A","B","D","D","D","D","D","D","D","D","D","D","D","D","D","D","D","D","D","D","D","D","D",NA,NA,NA,NA,NA,NA,NA,NA,NA,NA,NA,NA,NA,NA,NA,NA,NA,NA,NA,NA,NA,NA,NA,NA,NA,NA,11,16,"M","","32750","Level 1"," "," ","284"," "," ","22"," "," ","4"," "," ","10"," "," ","0"," "," ","15"," "," ","3"," "," ","7"," "," ","2"," "," ","10"," "," ","0"," "," "," ","Level 1"," "," "," ","444"," "," ","7"," "," ","N"," "," ","3/1/2019"," "," ","24"," "," "," ","5"," "," "," ","23"," "," "," ","2"," "," "," ","11"," "," "," ","0"," "," "," "," "," "," "," "," "," "," "," "," "
21,"A","A","    88","    45","  22.5","    35","A","B","    44","    46","B","    76","    90","C","D","    75","    95","    66","B","B","    92","    62","    84","    50","B","","    84","B","    60","    95","    85","A","","   100","    90","Black","","","Non-Hispanic","Yes","No","No","Yes",10,"No",1,22,"No","No",18,90,0,0,"1206310-Geometry","A","10013500A-English Honors 2","A","","",3.296,2,340,"L2 High",34.3,NA,NA,3,500,"L3 Low",53.7,NA,NA,NA,NA,NA,NA,NA,36,"B","A","D","C","A","A","B","D","D","B","B","A","C","A","B","D","B","D","B","C","C","D","B","B","D",60,"A","D","A","D","B","C","D","C","A","A","C","A","A","A","A","B","D","C","D","B","D","A","A","B","B",44,"A","D","D","D","D","A","C","B","C","C","B","A","C","D","C","B","C","B","C","D","B","A","B","B","C",10,16,"F","321","32773","Level 2"," "," ","340"," "," ","16"," "," ","8"," "," ","15"," "," ","4"," "," ","16"," "," ","10"," "," ","7"," "," ","5"," "," ","10"," "," ","5"," "," ","Level 3"," "," "," ","500"," "," "," "," "," ","Y"," "," "," "," "," ","24"," "," "," ","10"," "," "," ","24"," "," "," ","2"," "," "," ","11"," "," "," ","5"," "," "," "," "," "," "," "," "," "," "," "," "," "
22,"D","F","    10","    25","  17.5","    25","F","","    30","    25","C","    68","    60","D","F","    67","    60","    60","D","F","    56","    36","    50","    50","F","","    50","D","    64","    60","    75","D","F","    60","    60","Black","","LY","Hispanic","Yes","No","Yes","No",11,"No",NA,111,"No","Yes",3,98,2,0,"1206310-Geometry","F","1002320-English 3 ESOL","B","1002381V1-ESOL Reading","A",2.074,1,316,"L1 Mid",12.2,NA,NA,NA,NA,"",NA,NA,NA,NA,464,NA,443,NA,40,"B","D","C","B","A","B","A","D","B","B","B","B","C","C","C","A","B","C","B","C","B","B","D","C","C",24,"B","C","A","C","B","C","A","B","C","C","B","B","C","C","B","A","C","B","C","A","C","B","B","A","B",36,"A","A","B","B","A","A","C","B","B","A","D","B","B","C","C","C","B","C","C","B","C","A","A","B","D",11,17,"M","407","32773","Level 1"," "," ","316"," "," ","22"," "," ","7"," "," ","10"," "," ","2"," "," ","15"," "," ","1"," "," ","7"," "," ","2"," "," ","10"," "," ","6"," "," "," "," "," "," "," "," "," "," "," "," "," "," "," "," "," "," "," "," "," "," "," "," "," "," "," "," "," "," "," "," "," "," "," "," "," "," "," "," "," "," "," "," "," "," "," "," "," "," "," "," "
23,"A","A","   168","    47","    25","    50","A","B","    41","    50","D","    48","    60","D","F","    60","    60","    60","D","F","    40","    38","    50","    50","F","","    50","D","    56","    60","    75","C","F","    75","    60","White","","LY","Hispanic","Yes","No","No","No",11,"No",NA,69,"No","No",9,95,0,0,"1206310-Geometry","A","1002320-English 3 ESOL","A","1002381V1-ESOL Reading","B",2.133,1,303,"L1 Mid",4.8,NA,NA,NA,NA,"",NA,NA,NA,NA,NA,NA,NA,NA,32,"B","D","B","B","A","C","B","D","B","C","B","B","A","B","C","D","B","D","B","D","C","C","B","C","B",16,"B","B","C","B","A","C","C","B","D","B","A","C","D","A","D","B","C","D","A","D","C","B","D","A","A",20,"B","C","D","C","D","C","B","C","D","B","C","A","C","B","C","A","D","C","B","A","C","C","B","D","D",11,16,"M","787","32773","Level 1"," "," ","303"," "," ","22"," "," ","5"," "," ","10"," "," ","2"," "," ","15"," "," ","4"," "," ","7"," "," ","4"," "," ","10"," "," ","0"," "," "," "," "," "," "," "," "," "," "," "," "," "," "," "," "," "," "," "," "," "," "," "," "," "," "," "," "," "," "," "," "," "," "," "," "," "," "," "," "," "," "," "," "," "," "," "," "," "," "," "," "
24,"A","A","    94","    50","    20","    45","A","","    46","    50","B","    80","    78","D","F","    60","    82","    60","C","C","    68","    62","    84","    81","C","","    75","C","    68","    70","    75","B","C","    70","    85","White","K, P","LZ","Non-Hispanic","Yes","No","No","Yes",11,"No",1,17,"No","No",12,93,0,0,"1206310-Geometry","A","1001370-English 3","A","","",3.074,2,333,"L2 High",NA,4,353,NA,NA,"",NA,NA,NA,NA,NA,NA,NA,NA,44,"C","B","C","D","B","B","C","D","B","B","B","B","C","C","C","B","D","B","C","C","C","D","C","B","A",36,"A","D","A","D","A","B","A","C","C","B","A","B","D","C","A","B","D","D","B","C","C","C","B","B","C",48,"C","D","D","D","C","B","A","B","C","A","B","C","D","D","D","C","B","A","B","A","A","A","A","D","C",11,17,"M","407","32750",NA,NA,NA,NA,NA,NA,NA,NA,NA,NA,NA,NA,NA,NA,NA,NA,NA,NA,NA,NA,NA,NA,NA,NA,NA,NA,NA,NA,NA,NA,NA,NA,NA,NA,NA,NA,NA,NA,NA,NA,NA,NA,NA,NA,NA,NA,NA,NA,NA,NA,NA,NA,NA,NA,NA,NA,NA,NA,NA,NA,NA,NA,NA,NA,NA,NA,NA,NA,NA,NA,NA,NA,NA,NA,NA,NA,NA,NA,NA,NA,NA,NA,NA,NA,NA,NA
25,"A","A","    52","    50","    25","    40","A","D","    50","    46","C","    64","    75","C","D","    60","    75","    62","C","C","    48","    53","    82","    60","C","","    78","C","    56","    78","    60","C","","    81","    55","White","","","Hispanic","No","Yes","No","No",12,"No",NA,29,"No","No",2,99,0,0,"1206310-Geometry","A","1001405-English 4","B","","",2.61,1,313,"L1 Mid",9.6,NA,NA,1,460,"L1 Mid",13.5,NA,NA,NA,NA,NA,NA,NA,32,"A","B","B","D","C","B","C","B","D","D","C","B","D","B","B","A","C","D","B","C","B","B","D","B","A",20,"B","D","C","C","A","C","C","C","C","D","C","A","A","C","B","C","D","B","C","C","C","C","C","A","B",32,"D","D","C","B","D","B","D","A","B","C","B","C","C","D","C","B","B","B","C","B","D","C","B","A","C",12,18,"M","407","32773"," ","Level 1","Level 1"," ","305","313"," ","25","16"," ","8","9"," ","9","11"," ","0","1"," ","11","14"," ","2","5"," ","9","12"," ","5","4"," ","10","10"," ","3","3"," ","Level 1"," "," "," ","460"," "," ","13.5"," "," ","N"," "," ","9/1/2018"," "," ","24"," "," "," ","5"," "," "," ","23"," "," "," ","5"," "," "," ","11"," "," "," ","0"," "," "," "," "," "," "," "," "," "," "," "," "
26,"A","A","   200","    45","    25","    40","A","","    50","    42","B","    48","    84","B","C","    75","    75","    78","C","C","    64","    51","    70","    50","B","C","    75","C","    48","    78","    85","C","","    75","    70","American Indian","K, V","","Non-Hispanic","Yes","No","Yes","Yes",11,"No",1,6,"No","No",3,98,1,0,"1206310-Geometry","A","1001370-English 3","B","","",3.047,1,330,"L1 High",24.2,NA,NA,2,493,"L2 High",44.3,NA,NA,NA,620,NA,NA,NA,24,"B","D","D","D","C","B","A","B","C","D","A","A","B","A","B","D","B","A","B","D","D","A","C","B","D",32,"B","D","D","A","A","C","D","B","A","D","A","B","","C","D","D","D","B","C","A","C","A","B","","C",20,"C","C","C","B","B","A","D","D","B","C","C","B","A","B","C","B","C","C","D","D","A","C","B","A","A",11,18,"M","407","32746","Level 1"," "," ","330"," "," ","22"," "," ","7"," "," ","10"," "," ","7"," "," ","15"," "," ","6"," "," ","7"," "," ","2"," "," ","10"," "," ","4"," "," "," ","Level 1","Level 1","Level 2"," ","454","478","493"," "," "," ","N","N","N","3/1/2019","9/1/2018"," ","24","24","24"," ","3","5","4"," ","23","23","24"," ","4","6","8"," ","11","11","11"," ","3","2","4"," "," "," "," "," "," "," "," "," "," "
27,"A","A","   100","    25","    25","    45","B","","    41","    42","A","    60","    81","B","C","    78","    95","    70","B","C","    60","    52","    82","    50","B","","    75","B","    76","    80","    81","B","","    81","    78","White","","","Non-Hispanic","No","No","No","No",9,"No",NA,5,"No","No",1,99,0,0,"1206310-Geometry","A","1001310-English 1","A","","",3.588,1,316,"L1 High",13.6,NA,NA,1,480,"L1 High",29.7,NA,NA,NA,595,95.4,NA,NA,52,"A","B","C","D","C","B","D","D","A","B","B","B","B","B","C","B","A","C","C","C","C","D","B","A","A",28,"A","B","A","D","A","D","B","C","C","C","D","A","B","D","A","B","A","B","B","C","D","C","B","A","A",28,"A","C","B","A","A","A","A","D","C","A","A","A","B","C","A","A","B","C","A","A","A","C","A","D","C",9,14,"F","407","32746","Level 1"," "," ","316"," "," ","17"," "," ","8"," "," ","14"," "," ","1"," "," ","13"," "," ","4"," "," ","8"," "," ","7"," "," ","10"," "," ","6"," "," ","Level 1"," "," "," ","480"," "," "," "," "," ","N"," "," "," "," "," ","24"," "," "," ","10"," "," "," ","24"," "," "," ","3"," "," "," ","11"," "," "," ","2"," "," "," "," "," "," "," "," "," "," "," "," "," "
28,"D","D","    26","    25","    20","    25","D","F","    30","    34","F","    56","    75","F","","    60","    60","    60","C","D","    80","    77","    50","    50","D","C","    75","C","    64","    60","    81","C","","    60","    85","Multi-Racial","","","Hispanic","No","No","Yes","Yes",10,"No",1,91,"No","No",1,99,1,0,"1206310-Geometry","D","1001340-English 2","F","","",2,4,356,"Level 4",60.3,NA,NA,2,494,"L2 High",45.3,NA,NA,NA,611,NA,492,NA,40,"B","B","B","D","B","C","C","D","B","A","C","D","B","C","A","D","B","D","A","C","D","D","A","D","C",48,"C","D","A","B","C","D","D","D","A","C","B","B","C","C","A","B","D","B","C","B","C","C","D","B","B",24,"C","D","A","C","C","A","A","A","B","B","C","C","D","C","B","D","C","B","D","A","C","A","A","A","B",10,17,"M","407","32750","Level 4"," "," ","356"," "," ","16"," "," ","12"," "," ","15"," "," ","9"," "," ","16"," "," ","8"," "," ","7"," "," ","5"," "," ","10"," "," ","8"," "," ","Level 2"," "," "," ","494"," "," "," "," "," ","N"," "," "," "," "," ","24"," "," "," ","7"," "," "," ","23"," "," "," ","6"," "," "," ","11"," "," "," ","1"," "," "," "," "," "," "," "," "," "," "," "," "," "
29,"D","C","    20","    45","    20","    25","C","D","    30","    38","F","    48","    81","D","","    60","    60","    60","D","D","    64","    29","    70","    50","C","D","    60","D","    52","    60","    60","C","D","    75","    60","Black","","","Non-Hispanic","Yes","No","No","No",11,"No",NA,79,"No","Yes",3,98,0,0,"1206310-Geometry","C","1001370-English 3","C","10004102R-Intensive Reading","A",2.047,1,312,"L1 Mid",9,NA,NA,1,447,"L1 Mid",7.4,NA,NA,NA,559,NA,476,NA,28,"A","D","A","C","D","B","D","A","C","D","D","A","B","B","C","D","D","C","D","C","B","D","C","B","D",32,"C","A","A","A","A","D","B","C","B","B","C","A","B","C","A","B","C","D","C","C","C","B","C","B","B",20,"C","C","A","B","C","D","A","D","B","C","C","D","C","C","C","B","A","C","C","B","A","B","D","A","D",11,18,"M","321","32773","Level 1"," "," ","312"," "," ","22"," "," ","7"," "," ","10"," "," ","4"," "," ","15"," "," ","1"," "," ","7"," "," ","4"," "," ","10"," "," ","3"," "," "," ","Level 1","Level 1","Level 1"," ","425","425","447"," "," "," ","N","N","N","3/1/2019","9/1/2018"," ","24","24","24"," ","2","1","2"," ","23","23","24"," ","6","7","5"," ","11","11","11"," ","2","0","2"," "," "," "," "," "," "," "," "," "," "
30,"A","A","   120","    26","    25","    40","B","","    41","    38","C","    76","    65","C","F","    95","    60","    60","B","B","    92","    67","    80","    70","B","","    78","C","    76","    60","    85","C","D","    70","    60","White","K","","Non-Hispanic","No","No","No","No",10,"No",NA,36,"No","No",8,96,0,0,"1206310-Geometry","A","10013500P-English 2 (Pre-AP)","B","","",2.793,4,363,"Level 4",73.2,NA,NA,3,515,"L3 High",73.5,NA,NA,NA,509,NA,488,NA,52,"D","D","D","D","C","B","D","A","C","A","C","B","A","B","D","C","A","B","A","C","C","A","B","C","C",60,"A","A","A","D","A","B","D","B","A","A","D","A","A","C","A","B","D","A","C","D","B","D","A","B","B",44,"C","C","D","D","A","B","A","D","B","B","A","C","C","C","C","B","A","C","D","C","A","A","B","A","C",10,16,"F","407","32746","Level 4"," "," ","363"," "," ","16"," "," ","13"," "," ","15"," "," ","9"," "," ","16"," "," ","11"," "," ","7"," "," ","5"," "," ","10"," "," ","8"," "," ","Level 3"," "," "," ","515"," "," "," "," "," ","Y"," "," "," "," "," ","24"," "," "," ","14"," "," "," ","23"," "," "," ","11"," "," "," ","11"," "," "," ","2"," "," "," "," "," "," "," "," "," "," "," "," "," "
31,"D","B","    14","    40","  22.5","    45","C","","    30","    42","F","    56","    60","D","","    60","    60","    60","D","D","    60","    67","    50","    50","C","","    75","D","    60","    75","    60","C","F","    70","    60","White","K","LZ","Non-Hispanic","No","No","Yes","No",11,"No",NA,91,"No","Yes",8,96,4,0,"1206310-Geometry","B","1001370-English 3","B","","",1.848,1,298,"L1 Low",2.9,NA,NA,1,425,"L1 Low",12.6,NA,NA,NA,NA,NA,NA,NA,36,"B","C","A","C","B","D","A","B","B","A","D","B","A","C","B","A","A","D","C","C","B","A","C","B","C",28,"B","A","A","D","A","B","D","A","B","C","A","A","B","C","B","B","A","C","B","A","C","A","B","B","A",24,"A","C","B","D","B","C","B","A","B","B","A","B","C","A","C","A","D","C","C","D","A","B","C","C","D",11,17,"M","321","32746","Level 1"," "," ","298"," "," ","22"," "," ","7"," "," ","10"," "," ","3"," "," ","15"," "," ","2"," "," ","7"," "," ","3"," "," ","10"," "," ","0"," "," ","Level 1"," ","Level 1"," ","458"," ","425"," "," "," ","N"," ","N"," "," ","9/1/2018","24"," ","24"," ","1"," ","1"," ","23"," ","23"," ","4"," ","2"," ","11"," ","11"," ","1"," ","0"," "," "," "," "," "," "," "," "," "," "," "
32,"A","A","    98","    25","    20","    25","A","B","    38","    50","C","    72","    78","C","","    81","    60","    84","B","B","    60","    90","    82","    84","B","","    84","B","    60","    90","    95","C","","    75","    70","White","","LZ","Hispanic","Yes","Yes","No","Yes",10,"No",1,38,"No","No",5,97,0,0,"1206310-Geometry","A","1001350-English 2 Honors","B","","",2.448,3,351,"L3 High",51.5,NA,NA,4,521,"Level 4",80.2,NA,NA,NA,591,NA,482,NA,36,"B","B","C","B","A","A","D","D","B","D","B","C","C","C","D","A","A","D","B","A","B","D","B","B","A",32,"A","A","A","D","B","B","A","A","D","D","C","A","A","D","C","D","D","A","B","C","A","A","A","D","D",40,"A","C","C","B","A","D","A","A","B","C","B","C","C","B","C","A","B","C","C","A","C","C","A","A","C",10,16,"M","407","32773","Level 3"," "," ","351"," "," ","16"," "," ","9"," "," ","15"," "," ","7"," "," ","16"," "," ","11"," "," ","7"," "," ","6"," "," ","10"," "," ","6"," "," ","Level 4"," "," "," ","521"," "," "," "," "," ","Y"," "," "," "," "," ","24"," "," "," ","15"," "," "," ","23"," "," "," ","12"," "," "," ","11"," "," "," ","3"," "," "," "," "," "," "," "," "," "," "," "," "," "
33,"A","A","   130","    40","    25","    50","B","","    43","    42","A","    92","    84","A","","    90","   100","   100","A","A","    88","    95","    86","    84","B","","    84","A","    80","  97.5","    95","A","","   100","    95","White","","","Non-Hispanic","No","No","No","No",9,"No",NA,1,"No","No",0,100,0,0,"1206310-Geometry","A","10010700-M/J Language Arts 3","","","",3.76,4,357,"Level 4",100,NA,NA,4,526,"Level 4",85.2,NA,NA,NA,NA,NA,NA,NA,56,"B","B","D","D","A","D","D","B","B","B","B","B","A","B","B","C","A","C","B","C","C","A","C","D","C",56,"A","A","A","D","B","D","D","B","D","A","D","A","A","A","A","B","D","A","C","D","B","D","A","B","B",60,"C","A","D","D","A","B","A","A","C","B","D","C","C","B","C","B","A","C","A","A","A","C","B","B","C",9,14,"M","302","32750","Level 4"," "," ","357"," "," ","16"," "," ","14"," "," ","12"," "," ","5"," "," ","16"," "," ","10"," "," ","7"," "," ","6"," "," ","10"," "," ","10"," "," ","Level 4"," "," "," ","526"," "," "," "," "," ","Y"," "," "," "," "," ","24"," "," "," ","16"," "," "," ","23"," "," "," ","13"," "," "," ","11"," "," "," ","5"," "," "," "," "," "," "," "," "," "," "," "," "," "
34,"D","D","    10","    25","    20","    25","C","F","    30","    38","F","    40","    60","D","","    60","    60","    60","D","D","     0","    50","    84","    50","B","","    75","D","    40","    60","    75","D","F","    60","    60","Black","K","","Non-Hispanic","Yes","No","No","No",11,"No",NA,114,"No","Yes",25,86,0,0,"1206310-Geometry","D","1001370-English 3","A","","",2.079,NA,NA,"",NA,NA,NA,1,434,"L1 Low",5.3,NA,NA,NA,NA,NA,NA,NA,20,"A","B","B","B","C","B","C","C","D","B","B","C","D","B","C","B","D","D","D","B","B","C","D","D","B",NA,NA,NA,NA,NA,NA,NA,NA,NA,NA,NA,NA,NA,NA,NA,NA,NA,NA,NA,NA,NA,NA,NA,NA,NA,NA,16,"A","B","A","C","C","C","B","C","B","B","D","B","C","C","C","B","C","B","C","C","C","C","C","B","D",11,17,"F","321","32746"," "," "," "," "," "," "," "," "," "," "," "," "," "," "," "," "," "," "," "," "," "," "," "," "," "," "," "," "," "," "," "," "," "," "," "," "," ","Level 1"," "," "," ","434"," "," ","5.3"," "," ","N"," "," ","9/1/2018"," "," ","24"," "," "," ","2"," "," "," ","23"," "," "," ","2"," "," "," ","11"," "," "," ","2"," "," "," "," "," "," "," "," "," "," "," "," "
35,"C","B","     6","    37","    25","    50","B","F","    30","    45","D","    68","    65","D","","    60","    60","    60","F","F","    40","    48","    50","    50","F","","    50","D","    60","    60","    60","D","","    60","    60","Black","K","","Non-Hispanic","No","No","Yes","No",11,"No",NA,81,"No","Yes",9,95,1,1,"1206310-Geometry","B","10004003A-Intensive Language Arts","B","10004102R-Intensive Reading","A",2.244,1,284,"L1 Low",0.2,NA,NA,1,464,"L1 Mid",15.8,NA,NA,NA,511,NA,396,NA,36,"C","D","C","D","C","B","C","B","B","B","C","A","B","D","C","B","D","D","D","C","D","B","C","D","A",16,"B","D","D","C","D","B","B","C","C","C","C","D","D","A","B","C","D","C","D","B","C","B","C","D","B",36,"C","A","B","D","C","B","B","B","C","C","D","C","C","B","A","B","D","A","D","C","D","D","C","A","C",11,18,"M","321","32773","Level 1"," "," ","284"," "," ","22"," "," ","4"," "," ","10"," "," ","2"," "," ","15"," "," ","3"," "," ","7"," "," ","3"," "," ","10"," "," ","0"," "," "," ","Level 1","Level 1","Level 1"," ","425","448","464"," "," "," ","N","N","N","3/1/2019","9/1/2018"," ","24","24","24"," ","2","0","1"," ","23","23","24"," ","5","6","6"," ","11","11","11"," ","1","1","2"," "," "," "," "," "," "," "," "," "," "
36,"C","B","    50","    25","    25","    25","A","B","    41","    46","D","    76","    84","F","","    60","    60","    68","B","B","    76","    76","    84","    84","C","","    84","B","    40","  92.5","   100","A","B","    81","    95","White","L","","Non-Hispanic","Yes","No","No","Yes",10,"No",1,100,"No","No",0,100,0,0,"1206310-Geometry","B","1001340-English 2","F","","",1.966,3,345,"L3 Low",42.6,NA,NA,3,510,"L3 High",66.9,NA,NA,NA,652,74.9,520,NA,20,"C","C","A","C","B","D","B","B","C","A","C","A","D","B","A","A","A","D","B","B","D","B","D","C","B",44,"A","C","B","D","B","C","C","C","B","C","D","B","D","A","A","B","C","A","C","B","C","D","B","B","B",44,"C","C","C","C","A","D","C","A","C","A","B","C","C","B","C","A","C","D","B","D","A","A","A","B","C",10,16,"M","407","32773","Level 3"," "," ","345"," "," ","16"," "," ","11"," "," ","15"," "," ","8"," "," ","16"," "," ","9"," "," ","7"," "," ","6"," "," ","10"," "," ","4"," "," ","Level 3"," "," "," ","510"," "," "," "," "," ","Y"," "," "," "," "," ","24"," "," "," ","8"," "," "," ","24"," "," "," ","10"," "," "," ","11"," "," "," ","4"," "," "," "," "," "," "," "," "," "," "," "," "," "
37,"C","B","    36","    25","  22.5","    35","B","C","    30","    48","D","    60","    65","C","","    60","    60","    60","C","C","    48","    95","    88","    50","D","F","    55","D","    56","    60","    75","C","D","    70","    60","White","K","","Non-Hispanic","Yes","No","No","No",11,"No",NA,81,"No","Yes",5,97,1,0,"1206310-Geometry","B","1001370-English 3","A","10004102R-Intensive Reading","C",2.159,1,319,"L1 High",14.3,NA,NA,1,476,"L1 High",25.5,NA,NA,NA,519,NA,458,NA,32,"B","B","D","B","B","D","A","C","B","D","A","B","B","B","B","A","A","B","C","C","B","C","D","B","C",20,"C","B","B","A","C","D","A","B","C","D","A","A","B","B","C","D","C","A","C","A","B","C","A","C","B",28,"B","C","C","B","B","D","D","D","C","C","B","A","C","B","C","C","A","C","B","B","A","C","A","A","A",11,18,"M","754","32746","Level 1"," "," ","319"," "," ","22"," "," ","7"," "," ","10"," "," ","0"," "," ","15"," "," ","3"," "," ","7"," "," ","2"," "," ","10"," "," ","6"," "," "," ","Level 1","Level 1","Level 1"," ","425","458","476"," "," "," ","N","N","N","3/1/2019","9/1/2018"," ","24","24","24"," ","1","3","3"," ","23","23","24"," ","4","4","4"," ","11","11","11"," ","2","0","2"," "," "," "," "," "," "," "," "," "," "
38,"A","A","   104","    42","  22.5","    45","A","","    50","    50","C","    48","  92.5","B","","   100","    60","    84","A","A","    76","    90","    88","    70","A","","    95","A","    68","    95","    95","A","","    95","    90","Asian or Pacific Islander","","","Hispanic","Yes","No","No","Yes",11,"No",1,32,"No","No",2,99,0,0,"1206310-Geometry","A","1001370-English 3","B","","",2.682,2,340,"L2 Low",40.8,NA,NA,3,497,"L3 Low",49.3,NA,NA,NA,NA,NA,NA,NA,44,"B","B","D","D","C","D","B","D","C","B","C","C","D","D","D","C","C","D","C","C","A","B","B","B","B",44,"A","A","A","D","B","B","C","A","A","B","A","B","C","C","B","D","C","C","B","B","C","D","A","B","B",20,"A","C","B","A","D","D","A","B","B","B","D","A","C","D","C","C","C","B","B","C","C","C","B","C","C",11,16,"M","321","32750","Level 2"," "," ","340"," "," ","22"," "," ","15"," "," ","10"," "," ","4"," "," ","15"," "," ","11"," "," ","7"," "," ","6"," "," ","10"," "," ","0"," "," "," ","Level 3"," "," "," ","497"," "," ","49.3"," "," ","Y"," "," ","9/1/2018"," "," ","24"," "," "," ","6"," "," "," ","23"," "," "," ","9"," "," "," ","11"," "," "," ","3"," "," "," "," "," "," "," "," "," "," "," "," "
39,"C","C","    60","    25","    15","    25","F","","    30","    25","D","    48","    95","D","","    75","    60","    60","C","C","    76","    67","    86","    50","D","","    81","C","    48","    70","    75","C","","    95","    60","White","","","Hispanic","No","Yes","No","Yes",11,"No",1,79,"No","No",6,97,0,0,"1206310-Geometry","C","1001370-English 3","F","","",2.209,2,339,"L2 Low",38.6,NA,NA,NA,NA,"",NA,NA,NA,NA,610,NA,489,NA,24,"A","C","B","D","B","A","D","B","A","B","B","A","C","C","C","B","D","B","D","B","B","D","B","B","C",44,"C","D","A","D","C","C","D","A","A","B","A","B","A","D","C","A","D","C","B","A","C","B","A","B","D",20,"A","C","C","C","B","D","C","B","C","C","B","C","C","C","C","D","C","A","C","A","B","B","B","A","D",11,17,"M","321","32746","Level 2"," "," ","339"," "," ","22"," "," ","10"," "," ","10"," "," ","4"," "," ","15"," "," ","6"," "," ","7"," "," ","5"," "," ","10"," "," ","6"," "," "," "," "," "," "," "," "," "," "," "," "," "," "," "," "," "," "," "," "," "," "," "," "," "," "," "," "," "," "," "," "," "," "," "," "," "," "," "," "," "," "," "," "," "," "," "," "," "," "," "," "
40,"F","F","     6","    25","    15","    25","F","","    30","    25","F","    40","    60","F","","    60","    60","    60","F","F","     0","     5","    50","    50","F","","    50","D","    52"," *","    60","D","","    70","    60","White","K","ZZ","Hispanic","Yes","No","Yes","No",11,"No",NA,176,"No","No",5,97,4,0,"1206310-Geometry","F","1001370-English 3","F","","",1.234,1,317,"L1 Mid",12.9,NA,NA,1,451,"L1 Mid",9.1,NA,NA,NA,NA,NA,NA,NA,28,"B","B","A","C","B","B","A","D","A","C","A","A","C","C","B","B","A","D","A","D","D","C","B","D","A",NA,NA,NA,NA,NA,NA,NA,NA,NA,NA,NA,NA,NA,NA,NA,NA,NA,NA,NA,NA,NA,NA,NA,NA,NA,NA,NA,NA,NA,NA,NA,NA,NA,NA,NA,NA,NA,NA,NA,NA,NA,NA,NA,NA,NA,NA,NA,NA,NA,NA,NA,NA,11,17,"M","321","32746","Level 1"," "," ","317"," "," ","22"," "," ","6"," "," ","10"," "," ","1"," "," ","15"," "," ","4"," "," ","7"," "," ","4"," "," ","10"," "," ","4"," "," "," ","Level 1"," "," "," ","451"," "," ","9.1"," "," ","N"," "," ","9/1/2018"," "," ","24"," "," "," ","2"," "," "," ","23"," "," "," ","6"," "," "," ","11"," "," "," ","2"," "," "," "," "," "," "," "," "," "," "," "," "
41,"C","B","    64","    30","    20","    25","C","D","    30","    34","D","    64","    81","D","","    67","    60","    70","C","B","    60","    72","    84","    78","B","","    78","C","    64","    85","    95","C","D","    60","    78","White","","ZZ","Hispanic","Yes","No","Yes","Yes",10,"- Tier 2 Behavior and/or Attendance",1,132,"No","Yes",3,98,0,0,"1206310-Geometry","B","1001340-English 2","F","10004102R-Intensive Reading","C",1.75,1,327,"L1 High",16.6,NA,NA,2,491,"L2 Low",42.2,NA,NA,NA,579,NA,487,NA,40,"B","B","D","D","C","C","D","D","D","B","B","C","D","C","A","D","A","D","C","C","B","A","B","B","D",28,"A","D","A","D","A","B","A","A","A","C","B","D","A","A","A","D","B","B","B","B","C","A","C","B","D",32,"C","D","B","D","A","B","C","B","C","C","B","C","D","C","D","C","B","D","A","A","A","D","B","D","B",10,17,"M","321","32773","Level 1"," "," ","327"," "," ","16"," "," ","7"," "," ","15"," "," ","1"," "," ","16"," "," ","4"," "," ","7"," "," ","6"," "," ","10"," "," ","6"," "," ","Level 2"," "," "," ","491"," "," "," "," "," ","N"," "," "," "," "," ","24"," "," "," ","7"," "," "," ","23"," "," "," ","8"," "," "," ","11"," "," "," ","1"," "," "," "," "," "," "," "," "," "," "," "," "," "
42,"D","D","    18","    25","    15","    25","C","F","    30","    42","F","    40","    81","F","","    60","    60","    60","D","C","    60","    43","    70","    75","D","F","    60","D","    52","    70","  97.5","D","","    70","    70","White","","","Non-Hispanic","No","No","No","No",11,"No",NA,167,"No","No",15,92,1,0,"1206310-Geometry","D","1007330-Debate 1","F","","",1.429,2,346,"L2 High",50.9,NA,NA,NA,NA,"",NA,NA,NA,NA,NA,NA,NA,NA,28,"A","D","D","B","B","B","C","B","C","B","A","B","B","B","D","D","A","B","D","C","B","A","B","","D",28,"C","D","A","D","A","B","A","B","D","D","A","A","C","B","B","C","D","B","D","C","D","B","A","B","B",NA,NA,NA,NA,NA,NA,NA,NA,NA,NA,NA,NA,NA,NA,NA,NA,NA,NA,NA,NA,NA,NA,NA,NA,NA,NA,11,17,"F","386","32746","Level 2"," "," ","346"," "," ","22"," "," ","11"," "," ","10"," "," ","3"," "," ","15"," "," ","9"," "," ","7"," "," ","6"," "," ","10"," "," ","6"," "," "," "," "," "," "," "," "," "," "," "," "," "," "," "," "," "," "," "," "," "," "," "," "," "," "," "," "," "," "," "," "," "," "," "," "," "," "," "," "," "," "," "," "," "," "," "," "," "," "," "," "
43,"F","F","     0","    25","    15","    25","F","","    30","    25","F","    40","    60","F","","    60","    60","    60","F","F","     0","     0","     0","     0","F","","     0","F","     0","    60","    60","F","","    70","    60","White","K","","Hispanic","Yes","No","Yes","No",9,"No",NA,266,"Yes","Yes",74,60,0,0,"2000410-Zoology","F","1001370-English 3","F","","",0.605,NA,NA,"",NA,NA,NA,NA,NA,"",NA,NA,NA,NA,NA,NA,NA,NA,NA,NA,NA,NA,NA,NA,NA,NA,NA,NA,NA,NA,NA,NA,NA,NA,NA,NA,NA,NA,NA,NA,NA,NA,NA,NA,NA,NA,NA,NA,NA,NA,NA,NA,NA,NA,NA,NA,NA,NA,NA,NA,NA,NA,NA,NA,NA,NA,NA,NA,NA,NA,NA,NA,NA,NA,NA,NA,NA,NA,NA,NA,NA,NA,NA,NA,NA,NA,NA,NA,NA,NA,NA,NA,NA,NA,NA,NA,9,17,"M","407","32746",NA,NA,NA,NA,NA,NA,NA,NA,NA,NA,NA,NA,NA,NA,NA,NA,NA,NA,NA,NA,NA,NA,NA,NA,NA,NA,NA,NA,NA,NA,NA,NA,NA,NA,NA,NA,NA,NA,NA,NA,NA,NA,NA,NA,NA,NA,NA,NA,NA,NA,NA,NA,NA,NA,NA,NA,NA,NA,NA,NA,NA,NA,NA,NA,NA,NA,NA,NA,NA,NA,NA,NA,NA,NA,NA,NA,NA,NA,NA,NA,NA,NA,NA,NA,NA,NA
44,"D","D","    24","    25","    15","    35","F","","    30","    25","F","    56","    60","F","","    60","    60","    62","D","D","     0","    52","    70","    70","C","","    78","C","    64","    60","  92.5","C","","    81","    60","White","","","Non-Hispanic","Yes","No","No","Yes",10,"No",1,124,"No","No",21,89,5,1,"1206310-Geometry","D","10013400A-English 2","F","","",1.393,2,336,"L2 High",28.6,NA,NA,3,500,"L3 Low",53.7,NA,NA,NA,527,NA,499,NA,40,"B","D","B","D","C","A","D","D","C","D","A","B","A","D","A","D","A","C","D","B","B","A","B","B","C",NA,NA,NA,NA,NA,NA,NA,NA,NA,NA,NA,NA,NA,NA,NA,NA,NA,NA,NA,NA,NA,NA,NA,NA,NA,NA,24,"B","A","C","A","C","D","C","C","C","A","B","C","C","B","D","A","B","D","D","C","A","A","B","C","D",10,16,"M","407","32746","Level 2"," "," ","336"," "," ","16"," "," ","11"," "," ","15"," "," ","5"," "," ","16"," "," ","8"," "," ","7"," "," ","3"," "," ","10"," "," ","5"," "," ","Level 3"," "," "," ","500"," "," "," "," "," ","Y"," "," "," "," "," ","24"," "," "," ","11"," "," "," ","24"," "," "," ","7"," "," "," ","11"," "," "," ","2"," "," "," "," "," "," "," "," "," "," "," "," "," "
45,"F","F","     2","    25","    15","    25","F","","    30","    25","F","    48","    65","F","","    60","    60","    60","F","F","    56","    39","    50","    50","F","","    50","F","    48","    60","    60","F","","    60","    60","Black","","","Non-Hispanic","Yes","No","Yes","No",10,"- Tier 2 Mathematics",NA,221,"Yes","Yes",21,89,12,3,"1206310-Geometry","F","10004003A-Intensive Language Arts","C","","",0.833,1,313,"L1 High",NA,NA,NA,NA,NA,"",NA,NA,NA,NA,507,NA,404,NA,24,"B","C","B","C","D","C","D","C","D","D","D","A","B","C","D","D","D","B","D","C","C","D","D","A","D",24,"B","C","C","B","D","C","B","C","D","D","A","C","B","D","C","D","D","B","D","B","C","B","D","D","B",20,"D","C","D","A","C","C","C","C","C","D","C","C","A","C","B","C","C","C","C","C","D","C","C","D","C",10,18,"F","321","32771",NA,NA,NA,NA,NA,NA,NA,NA,NA,NA,NA,NA,NA,NA,NA,NA,NA,NA,NA,NA,NA,NA,NA,NA,NA,NA,NA,NA,NA,NA,NA,NA,NA,NA,NA,NA,NA,NA,NA,NA,NA,NA,NA,NA,NA,NA,NA,NA,NA,NA,NA,NA,NA,NA,NA,NA,NA,NA,NA,NA,NA,NA,NA,NA,NA,NA,NA,NA,NA,NA,NA,NA,NA,NA,NA,NA,NA,NA,NA,NA,NA,NA,NA,NA,NA,NA
46,"B","A","    60","    27","    20","    25","A","B","    47","    42","D","    60","    81","D","","    67","    60","    70","B","C","    72","    50","    80","    70","B","","    90","B","    68","    85","  92.5","B","","    85","    90","Black","","","Non-Hispanic","No","No","No","No",12,"No",NA,31,"No","No",9,95,3,0,"1206310-Geometry","A","1001405-English 4","B","","",2.4,NA,NA,"",NA,NA,NA,NA,NA,"",NA,NA,NA,NA,NA,NA,NA,NA,44,"B","B","D","C","D","B","C","C","B","A","C","B","B","B","C","C","D","D","C","C","C","B","B","B","C",40,"A","B","A","D","B","B","A","C","B","A","C","C","D","D","A","D","D","C","A","B","D","C","B","B","B",28,"B","C","D","B","A","A","D","A","B","A","C","C","A","B","C","A","C","B","C","A","A","B","A","C","A",12,17,"F","407","32773",NA,NA,NA,NA,NA,NA,NA,NA,NA,NA,NA,NA,NA,NA,NA,NA,NA,NA,NA,NA,NA,NA,NA,NA,NA,NA,NA,NA,NA,NA,NA,NA,NA,NA,NA,NA,NA,NA,NA,NA,NA,NA,NA,NA,NA,NA,NA,NA,NA,NA,NA,NA,NA,NA,NA,NA,NA,NA,NA,NA,NA,NA,NA,NA,NA,NA,NA,NA,NA,NA,NA,NA,NA,NA,NA,NA,NA,NA,NA,NA,NA,NA,NA,NA,NA,NA
47,"C","A","    16","    50","    25","    25","A","F","    50","    50","F","    64","    65","D","","    60","    60","    60","C","C","    40","    38","    80","    60","B","C","    78","C","    64","    75","    75","D","","    60","    60","Multi-Racial","K","","Non-Hispanic","Yes","No","Yes","No",11,"No",NA,18,"No","No",6,97,1,0,"1206310-Geometry","A","1009330-Creative Writing 2","B","","",2.477,2,346,"L2 High",50.9,NA,NA,1,425,"L1 Low",19.7,NA,NA,NA,NA,NA,NA,NA,40,"C","B","A","D","C","B","A","D","B","A","A","D","C","A","B","D","A","A","A","C","B","D","B","A","C",16,"B","B","C","D","A","B","C","A","D","A","B","A","D","C","B","A","C","B","D","C","B","A","C","A","D",32,"C","D","D","B","C","A","A","A","A","A","C","D","B","B","C","C","B","C","C","D","D","D","B","B","B",11,17,"F","407","32771","Level 2"," "," ","346"," "," ","22"," "," ","11"," "," ","10"," "," ","8"," "," ","15"," "," ","8"," "," ","7"," "," ","4"," "," ","10"," "," ","6"," "," "," ","Level 1","Level 1","Level 1"," ","470","454","425","19.7"," "," ","N","N","N","3/1/2019","9/1/2018"," ","24","24","24"," ","2","4","3"," ","23","23","24"," ","6","7","3"," ","11","11","11"," ","0","1","1"," "," "," "," "," "," "," "," "," "," "
48,"A","A","    66","    50","    25","    50","A","","    50","    42","D","    60","    75","C","","    78","    60","    60","C","C","    60","    57","    86","    70","C","","    70","C","    56","    85","    60","B","","    81","    81","White","","LZ","Hispanic","Yes","Yes","No","Yes",10,"No",1,63,"No","No",28,85,0,0,"1206310-Geometry","A","1001350-English 2 Honors","D","","",2.6,3,345,"L3 Low",42.6,NA,NA,3,507,"L3 High",62.7,NA,NA,NA,NA,NA,NA,NA,32,"B","B","C","A","C","D","D","A","B","B","B","B","D","A","C","B","D","A","C","C","C","A","B","D","D",28,"C","A","C","A","D","B","A","D","C","D","D","D","C","B","A","C","B","C","D","C","B","B","A","B","B",28,"B","C","C","B","C","D","A","D","C","A","B","C","D","D","D","B","A","D","B","C","D","C","B","A","B",10,15,"M","407","32771","Level 3"," "," ","345"," "," ","16"," "," ","9"," "," ","14"," "," ","7"," "," ","17"," "," ","9"," "," ","7"," "," ","4"," "," ","10"," "," ","6"," "," ","Level 3"," "," "," ","507"," "," "," "," "," ","Y"," "," "," "," "," ","25"," "," "," ","12"," "," "," ","23"," "," "," ","9"," "," "," ","10"," "," "," ","3"," "," "," "," "," "," "," "," "," "," "," "," "," "
49,"D","D","    14","    25","    15","    25","D","F","    30","    25","D","    56","    75","D","","    75","    60","    81","C","C","    64","    63","    84","    75","C","","    75","D","    68","    70","  92.5","F","","    60","    60","Black","K","","Non-Hispanic","Yes","No","Yes","No",12,"No",NA,88,"No","Yes",10,95,0,0,"1206310-Geometry","D","10004003-Intensive Language Arts","A","","",2.646,1,313,"L1 Mid",9.6,NA,NA,1,425,"L1 Low",0.3,NA,NA,NA,512,NA,434,NA,44,"A","B","C","B","B","A","D","A","C","C","C","B","B","D","C","C","D","D","C","C","C","A","C","C","B",32,"B","D","A","D","B","B","C","C","B","B","D","B","B","A","A","B","B","B","C","A","C","C","B","C","B",24,"A","B","B","B","C","C","C","D","B","C","B","C","B","B","C","A","B","B","B","B","C","B","D","B","B",12,19,"F","407","32746"," ","Level 1","Level 1"," ","299","313"," ","25","16"," ","4","9"," ","9","11"," ","2","2"," ","11","14"," ","2","6"," ","9","12"," ","5","3"," ","10","10"," ","2","3"," ","Level 1","Level 1"," "," ","425","425"," "," ","0.3"," ","N","N"," ","9/1/2018","12/1/2018"," ","24","24"," "," ","4","1"," "," ","23","24"," "," ","4","3"," "," ","11","11"," "," ","3","2"," "," "," "," "," "," "," "," "," "," "," "
50,"A","A","    92","    45","  22.5","    50","A","B","    50","    38","F","    40","    81","D","","    60","    60","    60","D","D","    64","    63","    50","    50","D","A","    50","D","    16","    60","    75","D","","    60","    60","White","","LZ","Non-Hispanic","No","No","No","No",11,"No",NA,79,"No","Yes",4,98,0,0,"1206310-Geometry","A","10004003A-Intensive Language Arts","B","10004102R-Intensive Reading","F",2.31,1,301,"L1 Mid",4.2,NA,NA,1,438,"L1 Low",5.9,NA,NA,NA,494,NA,444,NA,8,"B","C","B","C","C","D","B","C","B","D","D","A","B","D","D","B","B","B","D","D","B","C","D","C","B",32,"C","B","A","D","C","C","B","D","C","A","C","A","C","B","C","A","D","B","D","A","D","C","A","A","D",16,"D","B","C","B","D","C","A","B","A","A","C","B","A","B","B","B","C","A","B","A","C","B","D","D","C",11,18,"M","407","32746","Level 1"," "," ","301"," "," ","22"," "," ","8"," "," ","10"," "," ","3"," "," ","15"," "," ","2"," "," ","7"," "," ","2"," "," ","10"," "," ","3"," "," "," ","Level 1","Level 1"," "," ","425","438"," "," ","5.9"," ","N","N"," ","9/1/2018","12/1/2018"," ","24","24"," "," ","1","1"," "," ","23","24"," "," ","4","4"," "," ","11","11"," "," ","2","0"," "," "," "," "," "," "," "," "," "," "," "
51,"B","A","    62","    25","    20","    25","B","","    33","    50","C","    56","    78","C","","    67","    60","    75","C","B","    72","    61","    82","    70","C","","    70","C","    60","    75","    81","C","D","    78","    60","Black","V","","Non-Hispanic","Yes","No","No","Yes",10,"No",1,4,"No","No",0,100,0,0,"1206310-Geometry","A","1001340-English 2","A","","",3.25,3,350,"L3 High",49.9,NA,NA,2,493,"L2 High",44.3,NA,NA,NA,612,NA,512,97.3,36,"A","B","D","D","C","A","B","D","D","B","C","A","B","A","B","C","A","C","D","C","B","D","B","D","A",40,"A","C","A","D","C","B","D","D","B","C","A","A","B","D","C","D","B","A","B","B","D","A","A","D","B",24,"D","A","A","C","A","D","B","D","C","A","B","C","A","B","C","D","C","C","A","A","A","B","B","D","A",10,16,"F","321","32714","Level 3"," "," ","350"," "," ","16"," "," ","11"," "," ","15"," "," ","9"," "," ","16"," "," ","8"," "," ","7"," "," ","6"," "," ","10"," "," ","6"," "," ","Level 2"," "," "," ","493"," "," "," "," "," ","N"," "," "," "," "," ","24"," "," "," ","7"," "," "," ","24"," "," "," ","5"," "," "," ","11"," "," "," ","3"," "," "," "," "," "," "," "," "," "," "," "," "," "
52,"A","A","   186","    50","    25","    50","A","","    50","    50","A","    72","    95","A","","   100","   100","    84","A","A","    88","    95","    95","   100","A","","   100","A","    92","  97.5","  97.5","A","","    85","    90","White","","LF","Non-Hispanic","Yes","No","No","Yes",10,"No",1,1,"No","No",3,98,0,0,"1206310-Geometry","A","10013400A-English 2","A","1002381I1-ESOL Reading","A",3.655,3,344,"L3 Low",41.1,NA,NA,4,525,"Level 4",84,NA,NA,NA,556,16.7,528,95.3,68,"B","B","D","D","A","B","A","D","C","B","C","B","A","A","D","A","D","D","A","A","C","A","C","B","A",56,"A","A","A","D","C","B","A","D","A","A","D","B","A","A","D","B","D","C","B","C","D","B","C","B","B",40,"C","D","A","B","A","C","C","B","C","D","D","C","D","C","C","A","D","C","A","A","B","D","A","A","C",10,15,"F","407","32714","Level 3"," "," ","344"," "," ","16"," "," ","9"," "," ","15"," "," ","5"," "," ","16"," "," ","8"," "," ","7"," "," ","7"," "," ","10"," "," ","6"," "," ","Level 4"," "," "," ","525"," "," "," "," "," ","Y"," "," "," "," "," ","24"," "," "," ","16"," "," "," ","23"," "," "," ","9"," "," "," ","11"," "," "," ","7"," "," "," "," "," "," "," "," "," "," "," "," "," "
53,"B","A","    20","    50","  22.5","    40","B","","    47","    38","C","    48","    78","C","F","    75","    60","    60","B","B","    76","    60","    75","    70","D","","    50"," "," *"," *"," *"," ",""," *"," *","White","","LY","Hispanic","No","No","No","Yes",10,"No",1,10,"No","No",6,97,0,0,"1206310-Geometry","A","1002310-English 2 ESOL","A","1002381I2-ESOL Reading","A",3.143,1,313,"L1 High",6.2,NA,NA,1,485,"L1 High",34.6,NA,NA,NA,450,NA,451,22.4,NA,NA,NA,NA,NA,NA,NA,NA,NA,NA,NA,NA,NA,NA,NA,NA,NA,NA,NA,NA,NA,NA,NA,NA,NA,NA,44,"A","D","A","D","C","B","A","C","C","A","D","A","A","A","D","B","D","C","B","D","D","D","A","C","C",20,"D","C","B","C","D","A","A","C","A","C","B","B","B","C","C","A","C","A","C","B","A","A","B","B","A",10,16,"F","407","32746","Level 1"," "," ","313"," "," ","16"," "," ","3"," "," ","15"," "," ","3"," "," ","16"," "," ","1"," "," ","7"," "," ","4"," "," ","10"," "," ","5"," "," ","Level 1"," "," "," ","485"," "," "," "," "," ","N"," "," "," "," "," ","24"," "," "," ","5"," "," "," ","23"," "," "," ","6"," "," "," ","11"," "," "," ","2"," "," "," "," "," "," "," "," "," "," "," "," "," "
54,"A","A","    90","    45","    25","    40","A","B","    42","    46","A","   100","    90","B","","    84","    95","    90","A","A","    76","    90","    88","    84","A","","    95","A","    76","    90","  97.5","A","","   100","    90","Multi-Racial","","","Hispanic","Yes","No","No","Yes",9,"No",1,1,"No","No",2,99,0,0,"1206310-Geometry","A","10013200AL-English Honors 1","B","","",3.158,3,337,"L3 Low",38.4,NA,NA,4,523,"Level 4",81.5,NA,NA,NA,599,NA,532,94.9,52,"B","B","A","C","B","B","A","D","C","B","B","D","D","C","D","A","A","C","C","C","C","D","C","C","C",48,"A","A","A","D","B","D","D","C","A","C","B","A","A","A","C","B","D","A","A","C","A","C","A","B","B",68,"B","A","D","D","A","B","C","A","C","C","B","C","C","A","C","A","B","A","C","C","B","A","A","A","C",9,14,"F","407","32773","Level 3"," "," ","337"," "," ","17"," "," ","11"," "," ","14"," "," ","7"," "," ","13"," "," ","7"," "," ","8"," "," ","7"," "," ","10"," "," ","8"," "," ","Level 4"," "," "," ","523"," "," "," "," "," ","Y"," "," "," "," "," ","24"," "," "," ","19"," "," "," ","24"," "," "," ","9"," "," "," ","11"," "," "," ","3"," "," "," "," "," "," "," "," "," "," "," "," "," "
55,"C","B","    46","    25","  17.5","    50","C","","    33","    34","D","    64","    60","D","","    60","    60","    62","C","B","    80","    54","    75","    70","C","D","    60","C","    56","    60","    85","B","C","    75","    75","White","","LY","Hispanic","Yes","No","No","Yes",11,"No",1,12,"No","No",9,95,0,0,"1206310-Geometry","B","1002320-English 3 ESOL","B","1002381V1-ESOL Reading","A",2.535,1,313,"L1 Mid",9.6,NA,NA,1,447,"L1 Mid",7.4,NA,NA,NA,NA,NA,NA,NA,32,"D","C","D","B","A","A","D","A","C","A","C","A","A","A","A","D","C","D","B","B","A","B","D","B","C",24,"A","D","C","A","A","A","A","D","C","B","D","A","B","B","D","D","C","B","B","B","D","A","A","A","A",32,"C","C","C","B","A","B","C","A","A","A","B","C","C","B","A","B","A","B","A","A","B","A","C","B","A",11,18,"M","407","32746","Level 1"," "," ","313"," "," ","22"," "," ","4"," "," ","10"," "," ","5"," "," ","15"," "," ","7"," "," ","7"," "," ","4"," "," ","10"," "," ","0"," "," "," ","Level 1"," "," "," ","447"," "," ","7.4"," "," ","N"," "," ","9/1/2018"," "," ","24"," "," "," ","3"," "," "," ","23"," "," "," ","5"," "," "," ","11"," "," "," ","2"," "," "," "," "," "," "," "," "," "," "," "," "
56,"D","D","    14","    25","  17.5","    25","D","F","    30","    25","D","    48","    60","D","","    60","    81","    60","D","F","    32","    30","    50","    50","D","","    55","D","    68","    60","    60","C","F","    70","    60","White","K","","Non-Hispanic","Yes","No","No","No",10,"No",NA,65,"No","No",2,99,0,0,"1206310-Geometry","D","1001340-English 2","C","","",2.107,1,326,"L1 High",14.5,NA,NA,1,449,"L1 Mid",8.1,NA,NA,NA,472,NA,416,7.7,44,"D","B","D","B","D","A","D","C","C","B","C","C","B","D","B","A","C","A","D","C","B","D","D","B","C",12,"A","D","B","B","A","A","C","B","A","A","B","C","D","C","A","C","C","C","A","C","A","D","B","C","D",20,"B","D","C","B","C","A","C","D","A","A","B","C","C","D","D","C","B","C","A","A","B","C","B","C","B",10,16,"M","407","32750","Level 1"," "," ","326"," "," ","16"," "," ","7"," "," ","15"," "," ","5"," "," ","16"," "," ","3"," "," ","7"," "," ","5"," "," ","10"," "," ","6"," "," "," ","Level 1"," "," "," ","449"," "," ","8.1"," "," ","N"," "," ","7/1/2019"," "," ","24"," "," "," ","1"," "," "," ","23"," "," "," ","6"," "," "," ","11"," "," "," ","1"," "," "," "," "," "," "," "," "," "," "," "," "
57,"B","A","    30","    42","  22.5","    50","A","","    48","    50","D","    48","    78","D","","    60","    60","    60","C","C","    68","    75","    80","    60","C","F","    75","C","    80","    70","    81","C","","    81","    78","White","","","Non-Hispanic","No","Yes","No","No",10,"No",NA,61,"No","No",4,98,0,0,"1206310-Geometry","A","1001350-English 2 Honors","F","","",2.214,3,353,"L3 High",55.6,NA,NA,2,491,"L2 Low",42.2,NA,NA,NA,614,NA,488,NA,56,"B","B","D","C","B","B","A","D","C","B","A","B","D","C","A","A","A","D","D","C","C","B","C","C","B",36,"A","C","A","C","B","B","D","C","B","C","A","B","D","C","D","D","D","A","B","C","A","C","D","B","B",20,"D","C","D","C","D","D","C","B","B","A","C","C","B","B","C","C","B","B","A","D","D","D","D","D","D",10,16,"M","502","32779","Level 3"," "," ","353"," "," ","16"," "," ","11"," "," ","15"," "," ","8"," "," ","16"," "," ","10"," "," ","7"," "," ","6"," "," ","10"," "," ","6"," "," ","Level 2"," "," "," ","491"," "," "," "," "," ","N"," "," "," "," "," ","24"," "," "," ","10"," "," "," ","23"," "," "," ","3"," "," "," ","11"," "," "," ","2"," "," "," "," "," "," "," "," "," "," "," "," "," "
58,"A","A","    74","    34","  22.5","    50","C","","    30","    41","C","    60","    75","C","","    60","    60","    70","C","C","    64","    70","    50","    60","D","","    50","C","    48","    81","    78","C","D","    70","    70","White","","LY","Hispanic","Yes","No","No","Yes",10,"No",1,7,"No","No",2,99,0,0,"1206310-Geometry","A","1002310-English 2 ESOL","A","1002381I2-ESOL Reading","A",3.269,NA,NA,"",NA,NA,NA,NA,NA,"",NA,NA,NA,NA,NA,NA,NA,NA,24,"B","D","B","D","D","A","D","C","D","C","A","A","B","D","D","D","C","C","C","D","B","D","B","B","C",32,"A","B","A","C","B","B","A","D","C","B","D","A","B","C","D","D","A","B","B","B","B","C","A","B","A",28,"A","A","A","B","A","B","D","B","B","C","A","A","A","D","A","B","D","A","B","C","D","A","B","A","B",10,16,"F","407","32773",NA,NA,NA,NA,NA,NA,NA,NA,NA,NA,NA,NA,NA,NA,NA,NA,NA,NA,NA,NA,NA,NA,NA,NA,NA,NA,NA,NA,NA,NA,NA,NA,NA,NA,NA,NA,NA,NA,NA,NA,NA,NA,NA,NA,NA,NA,NA,NA,NA,NA,NA,NA,NA,NA,NA,NA,NA,NA,NA,NA,NA,NA,NA,NA,NA,NA,NA,NA,NA,NA,NA,NA,NA,NA,NA,NA,NA,NA,NA,NA,NA,NA,NA,NA,NA,NA
59,"B","B","    48","    25","  22.5","    35","C","","    30","    41","B","    64","    65","C","","    84","    60","    75","B","B","    72","    62","    80","    70","C","","    60","B","    64","    85","    85","B","","    85","    70","White","","","Non-Hispanic","No","No","No","No",9,"No",NA,1,"No","No",0,100,0,0,"1206310-Geometry","B","1001320-English 1 Honors","B","","",3.412,4,361,"Level 4",79.6,NA,NA,3,502,"L3 Low",57.2,NA,NA,NA,NA,NA,NA,NA,40,"B","B","D","B","B","C","D","B","D","D","A","B","B","A","D","C","A","C","D","C","C","B","D","A","C",40,"C","A","A","D","D","B","A","A","C","A","D","B","C","A","A","D","D","B","D","C","B","B","B","D","B",32,"C","B","B","B","A","B","D","D","B","B","B","C","C","C","C","A","B","C","C","C","B","A","B","C","D",9,14,"F","321","32746","Level 4"," "," ","361"," "," ","17"," "," ","14"," "," ","14"," "," ","12"," "," ","13"," "," ","11"," "," ","8"," "," ","6"," "," ","10"," "," ","8"," "," ","Level 3"," "," "," ","502"," "," "," "," "," ","Y"," "," "," "," "," ","24"," "," "," ","12"," "," "," ","23"," "," "," ","7"," "," "," ","11"," "," "," ","1"," "," "," "," "," "," "," "," "," "," "," "," "," "
60,"A","A","    48","    45","    25","    50","B","","    34","    46","B","    80","    90","B","D","    84","    84","    66","C","C","    80","    47","    86","    50","C","","    81","C","    64","    60","    81","A","B","    95","    85","Black","","","Non-Hispanic","Yes","No","No","Yes",9,"No",1,11,"No","No",3,98,0,0,"1206310-Geometry","A","10013200AL-English Honors 1","B","","",2.737,2,334,"L2 High",33.4,NA,NA,3,509,"L3 High",65,NA,NA,NA,594,NA,496,50,40,"B","D","C","B","D","B","B","D","C","C","D","D","B","D","B","D","A","B","B","C","C","D","C","C","A",48,"A","A","A","D","B","D","D","C","A","C","B","C","A","A","C","B","D","A","A","C","A","C","A","B","B",48,"D","C","B","D","A","C","D","A","C","C","B","C","C","A","C","A","B","A","C","C","A","A","C","B","C",9,15,"F","407","32771","Level 2"," "," ","334"," "," ","17"," "," ","13"," "," ","14"," "," ","7"," "," ","13"," "," ","6"," "," ","8"," "," ","4"," "," ","10"," "," ","6"," "," ","Level 3"," "," "," ","509"," "," "," "," "," ","Y"," "," "," "," "," ","24"," "," "," ","14"," "," "," ","24"," "," "," ","6"," "," "," ","11"," "," "," ","4"," "," "," "," "," "," "," "," "," "," "," "," "," "
61,"A","A","    62","    45","    20","    50","A","","    46","    50","C","    84","    65","D","F","    60","    60","    72","B","B","    64","    85","    86","    84","A","B","    95","A","    84","  97.5","    95","A","","    95","    95","White","","","Non-Hispanic","No","No","No","No",9,"No",NA,26,"No","No",0,100,0,0,"1206310-Geometry","A","10013200A-English Honors 1","C","","",2.412,3,343,"L3 Low",49.8,NA,NA,NA,NA,"",NA,3,514,60.9,626,NA,NA,NA,60,"B","B","D","C","B","B","A","D","C","B","B","B","D","C","A","A","A","D","D","C","C","B","C","A","D",32,"A","C","A","C","B","B","D","D","B","D","A","A","A","C","D","D","D","A","B","C","A","C","A","B","B",52,"B","D","B","D","A","D","A","A","C","B","D","C","C","B","C","C","A","B","C","A","B","A","A","B","B",9,14,"M","407","32746","Level 3"," "," ","343"," "," ","17"," "," ","14"," "," ","14"," "," ","6"," "," ","13"," "," ","9"," "," ","8"," "," ","6"," "," ","10"," "," ","8"," "," "," "," "," "," "," "," "," "," "," "," "," "," "," "," "," "," "," "," "," "," "," "," "," "," "," "," "," "," "," "," "," "," "," "," "," "," "," "," "," "," ","Level 3","514","Y","5/1/2019","22","7","27","13","9","3"
62,"F","F","     4","    25","    15","    25","F","","    30","    25","F","    48","    60","F","","    60","    60","    60","F","F","    48","    25","    50","    50","F","","    50","F","    40","    60","    60","F","","    70","    60","White","","","Hispanic","Yes","No","No","No",10,"No",NA,125,"No","No",7,96,0,0,"1206310-Geometry","F","1001370-English 3","F","","",1.619,1,327,"L1 High",20.9,NA,NA,NA,NA,"",NA,NA,NA,NA,NA,NA,NA,NA,20,"C","D","D","A","B","B","D","D","A","D","B","D","B","D","A","C","C","B","C","D","B","A","D","C","B",20,"D","B","A","D","C","B","A","C","D","B","A","B","D","C","A","D","C","B","D","A","C","B","D","C","A",20,"D","B","C","B","A","D","C","B","B","D","C","B","D","B","C","A","A","D","A","D","A","C","A","D","D",10,17,"M","407","32746","Level 1"," "," ","327"," "," ","22"," "," ","15"," "," ","10"," "," ","3"," "," ","15"," "," ","5"," "," ","7"," "," ","3"," "," ","10"," "," ","3"," "," "," "," "," "," "," "," "," "," "," "," "," "," "," "," "," "," "," "," "," "," "," "," "," "," "," "," "," "," "," "," "," "," "," "," "," "," "," "," "," "," "," "," "," "," "," "," "," "," "," "," "
63,"A","A","    92","    45","  22.5","    50","B","","    47","    38","C","    84","    65","C","","    67","    60","    75","C","C","    48","    62","    75","    50","B","","    81","C","    60","    70","    85","B","","    90","    75","White","","LZ","Non-Hispanic","No","No","No","No",10,"No",NA,11,"No","No",0,100,3,0,"1206310-Geometry","A","10013400A-English 2","A","","",3.067,3,344,"L3 Low",41.1,NA,NA,2,496,"L2 High",48.2,NA,NA,NA,532,NA,482,NA,36,"A","A","D","D","A","D","D","D","D","B","A","B","B","C","C","C","C","B","C","B","B","A","C","C","A",20,"C","D","C","D","D","D","C","D","B","B","C","B","D","A","C","B","D","C","C","A","D","D","C","C","A",52,"B","C","C","B","A","C","B","A","C","C","D","A","C","A","C","A","B","A","C","D","D","A","A","B","D",10,15,"M","407","32746","Level 3"," "," ","344"," "," ","16"," "," ","11"," "," ","15"," "," ","4"," "," ","16"," "," ","8"," "," ","7"," "," ","7"," "," ","10"," "," ","6"," "," ","Level 2"," "," "," ","496"," "," "," "," "," ","N"," "," "," "," "," ","24"," "," "," ","10"," "," "," ","24"," "," "," ","6"," "," "," ","11"," "," "," ","3"," "," "," "," "," "," "," "," "," "," "," "," "," "
